Restaurant,Beyond Flavours
Owm Nom Nom,0.9382334228346918
Domino's Pizza,0.8942422767677003
Diners Pavilion,0.8752736466524516
Asian Meal Box,0.7839739800817808
Karachi Cafe,0.7607698419090907
Green Bawarchi Restaurant,0.5928536900651489
Hunger Maggi Point,0.5314842218460493
American Wild Wings,0.4958328156990274
Triptify,0.4816159345568397
Flechazo,0.3783690838975661
